,instant,dteday,season,yr,mnth,weekday,workingday,weathersit,temp,atemp,hum,windspeed,casual,registered,cnt
0,1,2011-01-01,1,0,1,6,0,2,14.0,18.0,54.0,16.0,331,654,985
1,2,2011-01-02,1,0,1,0,0,2,15.0,18.0,47.0,25.0,131,670,801
2,3,2011-01-03,1,0,1,1,1,1,8.0,9.0,29.0,25.0,120,1229,1349
3,4,2011-01-04,1,0,1,2,1,1,8.0,11.0,40.0,16.0,108,1454,1562
4,5,2011-01-05,1,0,1,3,1,1,9.0,11.0,29.0,19.0,82,1518,1600
5,6,2011-01-06,1,0,1,4,1,1,8.0,12.0,35.0,9.0,88,1518,1606
6,7,2011-01-07,1,0,1,5,1,2,8.0,10.0,33.0,17.0,148,1362,1510
7,8,2011-01-08,1,0,1,6,0,2,7.0,8.0,36.0,27.0,68,891,959
8,9,2011-01-09,1,0,1,0,0,1,6.0,6.0,29.0,36.0,54,768,822
9,10,2011-01-10,1,0,1,1,1,1,6.0,8.0,32.0,22.0,41,1280,1321
10,11,2011-01-11,1,0,1,2,1,2,7.0,10.0,46.0,12.0,43,1220,1263
11,12,2011-01-12,1,0,1,3,1,1,7.0,8.0,40.0,30.0,25,1137,1162
12,13,2011-01-13,1,0,1,4,1,1,7.0,8.0,32.0,30.0,38,1368,1406
13,14,2011-01-14,1,0,1,5,1,1,7.0,9.0,36.0,13.0,54,1367,1421
14,15,2011-01-15,1,0,1,6,0,2,10.0,12.0,33.0,16.0,222,1026,1248
15,16,2011-01-16,1,0,1,0,0,1,9.0,12.0,32.0,19.0,251,953,1204
16,17,2011-01-17,1,0,1,1,0,2,7.0,9.0,36.0,19.0,117,883,1000
17,18,2011-01-18,1,0,1,2,1,2,9.0,12.0,58.0,15.0,9,674,683
18,19,2011-01-19,1,0,1,3,1,2,12.0,15.0,50.0,21.0,78,1572,1650
19,20,2011-01-20,1,0,1,4,1,2,11.0,13.0,36.0,20.0,83,1844,1927
20,21,2011-01-21,1,0,1,5,1,1,7.0,8.0,31.0,35.0,75,1468,1543
21,22,2011-01-22,1,0,1,6,0,1,2.0,4.0,27.0,17.0,93,888,981
22,23,2011-01-23,1,0,1,0,0,1,4.0,5.0,29.0,25.0,150,836,986
23,24,2011-01-24,1,0,1,1,1,1,4.0,6.0,33.0,16.0,86,1330,1416
24,25,2011-01-25,1,0,1,2,1,2,9.0,12.0,41.0,13.0,186,1799,1985
25,26,2011-01-26,1,0,1,3,1,3,9.0,10.0,58.0,29.0,34,472,506
26,27,2011-01-27,1,0,1,4,1,1,8.0,11.0,46.0,11.0,15,416,431
27,28,2011-01-28,1,0,1,5,1,2,8.0,11.0,53.0,12.0,38,1129,1167
28,29,2011-01-29,1,0,1,6,0,1,8.0,11.0,44.0,15.0,123,975,1098
29,30,2011-01-30,1,0,1,0,0,1,9.0,13.0,48.0,7.0,140,956,1096
30,31,2011-01-31,1,0,1,1,1,2,7.0,9.0,40.0,19.0,42,1459,1501
31,32,2011-02-01,1,0,2,2,1,2,8.0,12.0,56.0,5.0,47,1313,1360
32,33,2011-02-02,1,0,2,3,1,2,11.0,13.0,52.0,26.0,72,1454,1526
33,34,2011-02-03,1,0,2,4,1,1,8.0,9.0,29.0,28.0,61,1489,1550
34,35,2011-02-04,1,0,2,5,1,2,9.0,11.0,39.0,13.0,88,1620,1708
35,36,2011-02-05,1,0,2,6,0,2,10.0,12.0,62.0,16.0,100,905,1005
36,37,2011-02-06,1,0,2,0,0,1,12.0,15.0,38.0,14.0,354,1269,1623
37,38,2011-02-07,1,0,2,1,1,1,11.0,15.0,49.0,5.0,120,1592,1712
38,39,2011-02-08,1,0,2,2,1,1,9.0,10.0,36.0,36.0,64,1466,1530
39,40,2011-02-09,1,0,2,3,1,2,6.0,7.0,33.0,19.0,53,1552,1605
40,41,2011-02-10,1,0,2,4,1,1,6.0,7.0,29.0,22.0,47,1491,1538
41,42,2011-02-11,1,0,2,5,1,1,8.0,11.0,34.0,11.0,149,1597,1746
42,43,2011-02-12,1,0,2,6,0,1,9.0,12.0,36.0,20.0,288,1184,1472
43,44,2011-02-13,1,0,2,0,0,1,13.0,16.0,31.0,26.0,397,1192,1589
44,45,2011-02-14,1,0,2,1,1,1,17.0,20.0,25.0,42.0,208,1705,1913
45,46,2011-02-15,1,0,2,2,1,1,11.0,13.0,21.0,29.0,140,1675,1815
46,47,2011-02-16,1,0,2,3,1,1,13.0,16.0,28.0,25.0,218,1897,2115
47,48,2011-02-17,1,0,2,4,1,1,18.0,21.0,34.0,23.0,259,2216,2475
48,49,2011-02-18,1,0,2,5,1,1,21.0,26.0,35.0,26.0,579,2348,2927
49,50,2011-02-19,1,0,2,6,0,1,16.0,20.0,13.0,51.0,532,1103,1635
50,51,2011-02-20,1,0,2,0,0,1,12.0,14.0,27.0,22.0,639,1173,1812
51,52,2011-02-21,1,0,2,1,0,2,12.0,14.0,41.0,31.0,195,912,1107
52,53,2011-02-22,1,0,2,2,1,1,7.0,9.0,39.0,20.0,74,1376,1450
53,54,2011-02-23,1,0,2,3,1,1,9.0,12.0,28.0,9.0,139,1778,1917
54,55,2011-02-24,1,0,2,4,1,2,12.0,14.0,47.0,25.0,100,1707,1807
55,56,2011-02-25,1,0,2,5,1,2,15.0,18.0,48.0,35.0,120,1341,1461
56,57,2011-02-26,1,0,2,6,0,1,12.0,14.0,36.0,19.0,424,1545,1969
57,58,2011-02-27,1,0,2,0,0,1,14.0,18.0,46.0,13.0,694,1708,2402
58,59,2011-02-28,1,0,2,1,1,2,17.0,20.0,59.0,29.0,81,1365,1446
59,60,2011-03-01,1,0,3,2,1,1,11.0,13.0,36.0,22.0,137,1714,1851
60,61,2011-03-02,1,0,3,3,1,1,14.0,16.0,30.0,31.0,231,1903,2134
61,62,2011-03-03,1,0,3,4,1,1,8.0,10.0,21.0,23.0,123,1562,1685
62,63,2011-03-04,1,0,3,5,1,2,11.0,13.0,41.0,20.0,214,1730,1944
63,64,2011-03-05,1,0,3,6,0,2,16.0,19.0,53.0,25.0,640,1437,2077
64,65,2011-03-06,1,0,3,0,0,2,15.0,18.0,64.0,34.0,114,491,605
65,66,2011-03-07,1,0,3,1,1,1,11.0,12.0,37.0,34.0,244,1628,1872
66,67,2011-03-08,1,0,3,2,1,1,12.0,15.0,28.0,12.0,316,1817,2133
67,68,2011-03-09,1,0,3,3,1,2,12.0,14.0,52.0,22.0,191,1700,1891
68,69,2011-03-10,1,0,3,4,1,3,16.0,19.0,0.0,26.0,46,577,623
69,70,2011-03-11,1,0,3,5,1,2,13.0,15.0,44.0,23.0,247,1730,1977
70,71,2011-03-12,1,0,3,6,0,1,13.0,16.0,40.0,22.0,724,1408,2132
71,72,2011-03-13,1,0,3,0,0,1,16.0,19.0,35.0,27.0,982,1435,2417
72,73,2011-03-14,1,0,3,1,1,1,13.0,17.0,33.0,14.0,359,1687,2046
73,74,2011-03-15,1,0,3,2,1,2,13.0,16.0,44.0,18.0,289,1767,2056
74,75,2011-03-16,1,0,3,3,1,2,15.0,18.0,52.0,20.0,321,1871,2192
75,76,2011-03-17,1,0,3,4,1,1,17.0,21.0,40.0,21.0,424,2320,2744
76,77,2011-03-18,1,0,3,5,1,1,22.0,26.0,35.0,23.0,884,2355,3239
77,78,2011-03-19,1,0,3,6,0,1,19.0,23.0,25.0,37.0,1424,1693,3117
78,79,2011-03-20,1,0,3,0,0,1,14.0,16.0,32.0,21.0,1047,1424,2471
79,80,2011-03-21,2,0,3,1,1,2,18.0,20.0,49.0,29.0,401,1676,2077
80,81,2011-03-22,2,0,3,2,1,1,18.0,22.0,42.0,23.0,460,2243,2703
81,82,2011-03-23,2,0,3,3,1,2,14.0,17.0,56.0,23.0,203,1918,2121
82,83,2011-03-24,2,0,3,4,1,2,12.0,14.0,54.0,24.0,166,1699,1865
83,84,2011-03-25,2,0,3,5,1,1,11.0,13.0,33.0,23.0,300,1910,2210
84,85,2011-03-26,2,0,3,6,0,1,11.0,13.0,26.0,21.0,981,1515,2496
85,86,2011-03-27,2,0,3,0,0,2,10.0,13.0,33.0,18.0,472,1221,1693
86,87,2011-03-28,2,0,3,1,1,1,11.0,13.0,20.0,21.0,222,1806,2028
87,88,2011-03-29,2,0,3,2,1,1,12.0,15.0,21.0,23.0,317,2108,2425
88,89,2011-03-30,2,0,3,3,1,2,12.0,15.0,43.0,17.0,168,1368,1536
89,90,2011-03-31,2,0,3,4,1,3,11.0,13.0,62.0,22.0,179,1506,1685
90,91,2011-04-01,2,0,4,5,1,2,12.0,14.0,46.0,26.0,307,1920,2227
91,92,2011-04-02,2,0,4,6,0,2,13.0,16.0,44.0,20.0,898,1354,2252
92,93,2011-04-03,2,0,4,0,0,1,16.0,19.0,32.0,18.0,1651,1598,3249
93,94,2011-04-04,2,0,4,1,1,1,24.0,27.0,29.0,39.0,734,2381,3115
94,95,2011-04-05,2,0,4,2,1,2,17.0,20.0,43.0,39.0,167,1628,1795
95,96,2011-04-06,2,0,4,3,1,1,16.0,19.0,32.0,26.0,413,2395,2808
96,97,2011-04-07,2,0,4,4,1,1,18.0,22.0,40.0,16.0,571,2570,3141
97,98,2011-04-08,2,0,4,5,1,2,14.0,16.0,56.0,23.0,172,1299,1471
98,99,2011-04-09,2,0,4,6,0,2,14.0,17.0,59.0,13.0,879,1576,2455
99,100,2011-04-10,2,0,4,0,0,2,17.0,21.0,57.0,15.0,1188,1707,2895
100,101,2011-04-11,2,0,4,1,1,2,24.0,28.0,48.0,32.0,855,2493,3348
101,102,2011-04-12,2,0,4,2,1,2,21.0,25.0,50.0,27.0,257,1777,2034
102,103,2011-04-13,2,0,4,3,1,2,17.0,21.0,55.0,25.0,209,1953,2162
103,104,2011-04-14,2,0,4,4,1,1,19.0,23.0,36.0,11.0,529,2738,3267
104,105,2011-04-15,2,0,4,5,0,1,18.0,22.0,45.0,23.0,642,2484,3126
105,106,2011-04-16,2,0,4,6,0,3,18.0,21.0,60.0,34.0,121,674,795
106,107,2011-04-17,2,0,4,0,0,1,19.0,22.0,32.0,30.0,1558,2186,3744
107,108,2011-04-18,2,0,4,1,1,1,21.0,25.0,36.0,16.0,669,2760,3429
108,109,2011-04-19,2,0,4,2,1,2,21.0,24.0,45.0,16.0,409,2795,3204
109,110,2011-04-20,2,0,4,3,1,1,24.0,28.0,41.0,24.0,613,3331,3944
110,111,2011-04-21,2,0,4,4,1,1,19.0,23.0,27.0,33.0,745,3444,4189
111,112,2011-04-22,2,0,4,5,1,2,14.0,16.0,49.0,22.0,177,1506,1683
112,113,2011-04-23,2,0,4,6,0,2,19.0,23.0,59.0,23.0,1462,2574,4036
113,114,2011-04-24,2,0,4,0,0,2,24.0,28.0,54.0,19.0,1710,2481,4191
114,115,2011-04-25,2,0,4,1,1,1,25.0,29.0,52.0,19.0,773,3300,4073
115,116,2011-04-26,2,0,4,2,1,1,26.0,30.0,49.0,33.0,678,3722,4400
116,117,2011-04-27,2,0,4,3,1,2,25.0,29.0,56.0,31.0,547,3325,3872
117,118,2011-04-28,2,0,4,4,1,2,25.0,29.0,47.0,32.0,569,3489,4058
118,119,2011-04-29,2,0,4,5,1,1,21.0,25.0,31.0,24.0,878,3717,4595
119,120,2011-04-30,2,0,4,6,0,1,19.0,23.0,34.0,24.0,1965,3347,5312
120,121,2011-05-01,2,0,5,0,0,2,19.0,22.0,51.0,11.0,1138,2213,3351
121,122,2011-05-02,2,0,5,1,1,2,23.0,27.0,49.0,18.0,847,3554,4401
122,123,2011-05-03,2,0,5,2,1,2,25.0,29.0,47.0,34.0,603,3848,4451
123,124,2011-05-04,2,0,5,3,1,2,17.0,20.0,49.0,33.0,255,2378,2633
124,125,2011-05-05,2,0,5,4,1,1,19.0,22.0,30.0,30.0,614,3819,4433
125,126,2011-05-06,2,0,5,5,1,1,20.0,24.0,40.0,23.0,894,3714,4608
126,127,2011-05-07,2,0,5,6,0,1,21.0,26.0,36.0,16.0,1612,3102,4714
127,128,2011-05-08,2,0,5,0,0,1,22.0,26.0,42.0,7.0,1401,2932,4333
128,129,2011-05-09,2,0,5,1,1,1,22.0,26.0,39.0,18.0,664,3698,4362
129,130,2011-05-10,2,0,5,2,1,1,22.0,26.0,33.0,12.0,694,4109,4803
130,131,2011-05-11,2,0,5,3,1,1,22.0,26.0,42.0,12.0,550,3632,4182
131,132,2011-05-12,2,0,5,4,1,1,22.0,26.0,50.0,19.0,695,4169,4864
132,133,2011-05-13,2,0,5,5,1,2,21.0,25.0,58.0,18.0,692,3413,4105
133,134,2011-05-14,2,0,5,6,0,2,21.0,25.0,62.0,13.0,902,2507,3409
134,135,2011-05-15,2,0,5,0,0,2,23.0,27.0,58.0,15.0,1582,2971,4553
135,136,2011-05-16,2,0,5,1,1,1,24.0,28.0,53.0,13.0,773,3185,3958
136,137,2011-05-17,2,0,5,2,1,2,23.0,27.0,56.0,28.0,678,3445,4123
137,138,2011-05-18,2,0,5,3,1,2,23.0,26.0,58.0,20.0,536,3319,3855
138,139,2011-05-19,2,0,5,4,1,2,22.0,26.0,56.0,11.0,735,3840,4575
139,140,2011-05-20,2,0,5,5,1,1,22.0,26.0,48.0,13.0,909,4008,4917
140,141,2011-05-21,2,0,5,6,0,1,25.0,29.0,42.0,12.0,2258,3547,5805
141,142,2011-05-22,2,0,5,0,0,1,25.0,29.0,50.0,15.0,1576,3084,4660
142,143,2011-05-23,2,0,5,1,1,2,26.0,30.0,54.0,23.0,836,3438,4274
143,144,2011-05-24,2,0,5,2,1,2,27.0,30.0,50.0,21.0,659,3833,4492
144,145,2011-05-25,2,0,5,3,1,1,27.0,31.0,47.0,15.0,740,4238,4978
145,146,2011-05-26,2,0,5,4,1,1,29.0,33.0,45.0,20.0,758,3919,4677
146,147,2011-05-27,2,0,5,5,1,1,28.0,32.0,44.0,24.0,871,3808,4679
147,148,2011-05-28,2,0,5,6,0,1,27.0,31.0,49.0,23.0,2001,2757,4758
148,149,2011-05-29,2,0,5,0,0,1,27.0,31.0,55.0,21.0,2355,2433,4788
149,150,2011-05-30,2,0,5,1,0,1,30.0,34.0,46.0,13.0,1549,2549,4098
150,151,2011-05-31,2,0,5,2,1,1,32.0,36.0,43.0,11.0,673,3309,3982
151,152,2011-06-01,2,0,6,3,1,2,31.0,36.0,45.0,21.0,513,3461,3974
152,153,2011-06-02,2,0,6,4,1,1,29.0,32.0,20.0,29.0,736,4232,4968
153,154,2011-06-03,2,0,6,5,1,1,25.0,29.0,24.0,25.0,898,4414,5312
154,155,2011-06-04,2,0,6,6,0,1,26.0,30.0,31.0,12.0,1869,3473,5342
155,156,2011-06-05,2,0,6,0,0,2,27.0,31.0,44.0,14.0,1685,3221,4906
156,157,2011-06-06,2,0,6,1,1,1,28.0,31.0,40.0,12.0,673,3875,4548
157,158,2011-06-07,2,0,6,2,1,1,29.0,33.0,40.0,19.0,763,4070,4833
158,159,2011-06-08,2,0,6,3,1,1,32.0,36.0,42.0,14.0,676,3725,4401
159,160,2011-06-09,2,0,6,4,1,2,33.0,38.0,38.0,15.0,563,3352,3915
160,161,2011-06-10,2,0,6,5,1,1,31.0,35.0,41.0,14.0,815,3771,4586
161,162,2011-06-11,2,0,6,6,0,1,30.0,34.0,44.0,15.0,1729,3237,4966
162,163,2011-06-12,2,0,6,0,0,1,28.0,32.0,50.0,16.0,1467,2993,4460
163,164,2011-06-13,2,0,6,1,1,1,26.0,30.0,33.0,31.0,863,4157,5020
164,165,2011-06-14,2,0,6,2,1,1,25.0,30.0,34.0,27.0,727,4164,4891
165,166,2011-06-15,2,0,6,3,1,1,26.0,29.0,32.0,17.0,769,4411,5180
166,167,2011-06-16,2,0,6,4,1,2,26.0,30.0,46.0,21.0,545,3222,3767
167,168,2011-06-17,2,0,6,5,1,1,27.0,30.0,49.0,14.0,863,3981,4844
168,169,2011-06-18,2,0,6,6,0,1,29.0,32.0,45.0,12.0,1807,3312,5119
169,170,2011-06-19,2,0,6,0,0,2,29.0,32.0,45.0,10.0,1639,3105,4744
170,171,2011-06-20,2,0,6,1,1,2,26.0,30.0,50.0,16.0,699,3311,4010
171,172,2011-06-21,3,0,6,2,1,2,28.0,32.0,52.0,17.0,774,4061,4835
172,173,2011-06-22,3,0,6,3,1,1,30.0,35.0,47.0,17.0,661,3846,4507
173,174,2011-06-23,3,0,6,4,1,2,30.0,35.0,47.0,24.0,746,4044,4790
174,175,2011-06-24,3,0,6,5,1,1,30.0,33.0,38.0,22.0,969,4022,4991
175,176,2011-06-25,3,0,6,6,0,1,28.0,32.0,32.0,21.0,1782,3420,5202
176,177,2011-06-26,3,0,6,0,0,1,28.0,32.0,34.0,9.0,1920,3385,5305
177,178,2011-06-27,3,0,6,1,1,2,28.0,32.0,44.0,11.0,854,3854,4708
178,179,2011-06-28,3,0,6,2,1,1,31.0,35.0,42.0,14.0,732,3916,4648
179,180,2011-06-29,3,0,6,3,1,1,30.0,33.0,33.0,26.0,848,4377,5225
180,181,2011-06-30,3,0,6,4,1,1,29.0,32.0,29.0,19.0,1027,4488,5515
181,182,2011-07-01,3,0,7,5,1,1,30.0,33.0,27.0,10.0,1246,4116,5362
182,183,2011-07-02,3,0,7,6,0,1,30.0,33.0,30.0,12.0,2204,2915,5119
183,184,2011-07-03,3,0,7,0,0,2,29.0,33.0,46.0,23.0,2282,2367,4649
184,185,2011-07-04,3,0,7,1,0,2,30.0,33.0,43.0,8.0,3065,2978,6043
185,186,2011-07-05,3,0,7,2,1,1,31.0,35.0,40.0,13.0,1031,3634,4665
186,187,2011-07-06,3,0,7,3,1,1,30.0,34.0,50.0,15.0,784,3845,4629
187,188,2011-07-07,3,0,7,4,1,1,31.0,34.0,44.0,16.0,754,3838,4592
188,189,2011-07-08,3,0,7,5,1,2,29.0,34.0,51.0,23.0,692,3348,4040
189,190,2011-07-09,3,0,7,6,0,1,30.0,33.0,41.0,17.0,1988,3348,5336
190,191,2011-07-10,3,0,7,0,0,1,31.0,35.0,39.0,18.0,1743,3138,4881
191,192,2011-07-11,3,0,7,1,1,1,31.0,36.0,43.0,28.0,723,3363,4086
192,193,2011-07-12,3,0,7,2,1,1,33.0,37.0,37.0,20.0,662,3596,4258
193,194,2011-07-13,3,0,7,3,1,1,31.0,34.0,42.0,15.0,748,3594,4342
194,195,2011-07-14,3,0,7,4,1,1,28.0,32.0,32.0,24.0,888,4196,5084
195,196,2011-07-15,3,0,7,5,1,1,27.0,31.0,40.0,18.0,1318,4220,5538
196,197,2011-07-16,3,0,7,6,0,1,28.0,32.0,39.0,21.0,2418,3505,5923
197,198,2011-07-17,3,0,7,0,0,1,29.0,33.0,40.0,25.0,2006,3296,5302
198,199,2011-07-18,3,0,7,1,1,1,31.0,35.0,44.0,22.0,841,3617,4458
199,200,2011-07-19,3,0,7,2,1,1,32.0,37.0,44.0,13.0,752,3789,4541
200,201,2011-07-20,3,0,7,3,1,1,32.0,37.0,47.0,11.0,644,3688,4332
201,202,2011-07-21,3,0,7,4,1,2,33.0,41.0,46.0,22.0,632,3152,3784
202,203,2011-07-22,3,0,7,5,1,1,35.0,42.0,39.0,13.0,562,2825,3387
203,204,2011-07-23,3,0,7,6,0,1,35.0,40.0,34.0,13.0,987,2298,3285
204,205,2011-07-24,3,0,7,0,0,1,34.0,40.0,37.0,17.0,1050,2556,3606
205,206,2011-07-25,3,0,7,1,1,1,30.0,36.0,51.0,9.0,568,3272,3840
206,207,2011-07-26,3,0,7,2,1,1,32.0,35.0,36.0,20.0,750,3840,4590
207,208,2011-07-27,3,0,7,3,1,1,32.0,35.0,27.0,18.0,755,3901,4656
208,209,2011-07-28,3,0,7,4,1,1,32.0,37.0,39.0,18.0,606,3784,4390
209,210,2011-07-29,3,0,7,5,1,1,34.0,39.0,36.0,17.0,670,3176,3846
210,211,2011-07-30,3,0,7,6,0,1,33.0,36.0,31.0,17.0,1559,2916,4475
211,212,2011-07-31,3,0,7,0,0,1,33.0,36.0,32.0,16.0,1524,2778,4302
212,213,2011-08-01,3,0,8,1,1,1,32.0,35.0,37.0,16.0,729,3537,4266
213,214,2011-08-02,3,0,8,2,1,1,32.0,35.0,33.0,21.0,801,4044,4845
214,215,2011-08-03,3,0,8,3,1,2,30.0,34.0,44.0,14.0,467,3107,3574
215,216,2011-08-04,3,0,8,4,1,2,29.0,33.0,51.0,20.0,799,3777,4576
216,217,2011-08-05,3,0,8,5,1,1,29.0,33.0,42.0,18.0,1023,3843,4866
217,218,2011-08-06,3,0,8,6,0,2,29.0,34.0,51.0,23.0,1521,2773,4294
218,219,2011-08-07,3,0,8,0,0,1,30.0,36.0,50.0,20.0,1298,2487,3785
219,220,2011-08-08,3,0,8,1,1,1,31.0,35.0,40.0,19.0,846,3480,4326
220,221,2011-08-09,3,0,8,2,1,1,32.0,36.0,38.0,15.0,907,3695,4602
221,222,2011-08-10,3,0,8,3,1,1,31.0,34.0,28.0,20.0,884,3896,4780
222,223,2011-08-11,3,0,8,4,1,1,29.0,33.0,28.0,16.0,812,3980,4792
223,224,2011-08-12,3,0,8,5,1,1,29.0,33.0,28.0,13.0,1051,3854,4905
224,225,2011-08-13,3,0,8,6,0,2,28.0,32.0,49.0,21.0,1504,2646,4150
225,226,2011-08-14,3,0,8,0,0,2,28.0,31.0,55.0,22.0,1338,2482,3820
226,227,2011-08-15,3,0,8,1,1,1,27.0,31.0,48.0,21.0,775,3563,4338
227,228,2011-08-16,3,0,8,2,1,1,29.0,32.0,39.0,24.0,721,4004,4725
228,229,2011-08-17,3,0,8,3,1,1,30.0,33.0,39.0,14.0,668,4026,4694
229,230,2011-08-18,3,0,8,4,1,1,29.0,33.0,44.0,23.0,639,3166,3805
230,231,2011-08-19,3,0,8,5,1,2,28.0,32.0,48.0,14.0,797,3356,4153
231,232,2011-08-20,3,0,8,6,0,1,29.0,32.0,45.0,10.0,1914,3277,5191
232,233,2011-08-21,3,0,8,0,0,1,29.0,34.0,52.0,25.0,1249,2624,3873
233,234,2011-08-22,3,0,8,1,1,1,28.0,32.0,31.0,28.0,833,3925,4758
234,235,2011-08-23,3,0,8,2,1,1,26.0,30.0,31.0,15.0,1281,4614,5895
235,236,2011-08-24,3,0,8,3,1,1,28.0,32.0,41.0,25.0,949,4181,5130
236,237,2011-08-25,3,0,8,4,1,2,28.0,32.0,52.0,21.0,435,3107,3542
237,238,2011-08-26,3,0,8,5,1,1,29.0,33.0,51.0,8.0,768,3893,4661
238,239,2011-08-27,3,0,8,6,0,2,28.0,32.0,57.0,38.0,226,889,1115
239,240,2011-08-28,3,0,8,0,0,1,29.0,32.0,38.0,30.0,1415,2919,4334
240,241,2011-08-29,3,0,8,1,1,1,26.0,30.0,37.0,16.0,729,3905,4634
241,242,2011-08-30,3,0,8,2,1,1,26.0,30.0,37.0,13.0,775,4429,5204
242,243,2011-08-31,3,0,8,3,1,1,27.0,31.0,40.0,8.0,688,4370,5058
243,244,2011-09-01,3,0,9,4,1,1,27.0,31.0,43.0,14.0,783,4332,5115
244,245,2011-09-02,3,0,9,5,1,2,26.0,30.0,49.0,14.0,875,3852,4727
245,246,2011-09-03,3,0,9,6,0,1,27.0,32.0,48.0,19.0,1935,2549,4484
246,247,2011-09-04,3,0,9,0,0,1,29.0,33.0,50.0,21.0,2521,2419,4940
247,248,2011-09-05,3,0,9,1,0,2,28.0,31.0,53.0,21.0,1236,2115,3351
248,249,2011-09-06,3,0,9,2,1,3,22.0,26.0,59.0,34.0,204,2506,2710
249,250,2011-09-07,3,0,9,3,1,3,25.0,27.0,61.0,10.0,118,1878,1996
250,251,2011-09-08,3,0,9,4,1,3,26.0,28.0,63.0,19.0,153,1689,1842
251,252,2011-09-09,3,0,9,5,1,2,27.0,29.0,60.0,12.0,417,3127,3544
252,253,2011-09-10,3,0,9,6,0,1,27.0,30.0,51.0,15.0,1750,3595,5345
253,254,2011-09-11,3,0,9,0,0,1,27.0,30.0,48.0,12.0,1633,3413,5046
254,255,2011-09-12,3,0,9,1,1,1,26.0,30.0,46.0,9.0,690,4023,4713
255,256,2011-09-13,3,0,9,2,1,1,27.0,30.0,48.0,14.0,701,4062,4763
256,257,2011-09-14,3,0,9,3,1,1,28.0,31.0,47.0,17.0,647,4138,4785
257,258,2011-09-15,3,0,9,4,1,2,24.0,28.0,48.0,27.0,428,3231,3659
258,259,2011-09-16,3,0,9,5,1,2,19.0,23.0,40.0,16.0,742,4018,4760
259,260,2011-09-17,3,0,9,6,0,2,20.0,24.0,48.0,19.0,1434,3077,4511
260,261,2011-09-18,3,0,9,0,0,1,21.0,25.0,47.0,18.0,1353,2921,4274
261,262,2011-09-19,3,0,9,1,1,2,23.0,26.0,46.0,15.0,691,3848,4539
262,263,2011-09-20,3,0,9,2,1,2,23.0,27.0,59.0,13.0,438,3203,3641
263,264,2011-09-21,3,0,9,3,1,2,24.0,28.0,60.0,10.0,539,3813,4352
264,265,2011-09-22,3,0,9,4,1,2,26.0,28.0,60.0,13.0,555,4240,4795
265,266,2011-09-23,4,0,9,5,1,2,25.0,26.0,65.0,8.0,258,2137,2395
266,267,2011-09-24,4,0,9,6,0,2,25.0,28.0,58.0,8.0,1776,3647,5423
267,268,2011-09-25,4,0,9,0,0,2,26.0,29.0,57.0,5.0,1544,3466,5010
268,269,2011-09-26,4,0,9,1,1,2,27.0,29.0,57.0,11.0,684,3946,4630
269,270,2011-09-27,4,0,9,2,1,2,26.0,29.0,59.0,12.0,477,3643,4120
270,271,2011-09-28,4,0,9,3,1,2,26.0,29.0,57.0,15.0,480,3427,3907
271,272,2011-09-29,4,0,9,4,1,1,25.0,29.0,47.0,17.0,653,4186,4839
272,273,2011-09-30,4,0,9,5,1,1,23.0,27.0,43.0,21.0,830,4372,5202
273,274,2011-10-01,4,0,10,6,0,2,17.0,21.0,51.0,29.0,480,1949,2429
274,275,2011-10-02,4,0,10,0,0,2,15.0,17.0,53.0,22.0,616,2302,2918
275,276,2011-10-03,4,0,10,1,1,2,16.0,20.0,51.0,8.0,330,3240,3570
276,277,2011-10-04,4,0,10,2,1,1,20.0,24.0,48.0,21.0,486,3970,4456
277,278,2011-10-05,4,0,10,3,1,1,22.0,26.0,43.0,18.0,559,4267,4826
278,279,2011-10-06,4,0,10,4,1,1,20.0,24.0,42.0,13.0,639,4126,4765
279,280,2011-10-07,4,0,10,5,1,1,21.0,25.0,46.0,2.0,949,4036,4985
280,281,2011-10-08,4,0,10,6,0,1,21.0,26.0,47.0,5.0,2235,3174,5409
281,282,2011-10-09,4,0,10,0,0,1,22.0,26.0,49.0,6.0,2397,3114,5511
282,283,2011-10-10,4,0,10,1,0,1,23.0,27.0,49.0,4.0,1514,3603,5117
283,284,2011-10-11,4,0,10,2,1,2,23.0,27.0,54.0,14.0,667,3896,4563
284,285,2011-10-12,4,0,10,3,1,3,22.0,26.0,61.0,25.0,217,2199,2416
285,286,2011-10-13,4,0,10,4,1,2,24.0,28.0,60.0,14.0,290,2623,2913
286,287,2011-10-14,4,0,10,5,1,2,23.0,26.0,48.0,22.0,529,3115,3644
287,288,2011-10-15,4,0,10,6,0,1,21.0,25.0,32.0,26.0,1899,3318,5217
288,289,2011-10-16,4,0,10,0,0,1,21.0,25.0,33.0,28.0,1748,3293,5041
289,290,2011-10-17,4,0,10,1,1,1,22.0,26.0,39.0,18.0,713,3857,4570
290,291,2011-10-18,4,0,10,2,1,2,22.0,26.0,47.0,11.0,637,4111,4748
291,292,2011-10-19,4,0,10,3,1,3,22.0,26.0,60.0,24.0,254,2170,2424
292,293,2011-10-20,4,0,10,4,1,1,20.0,23.0,43.0,42.0,471,3724,4195
293,294,2011-10-21,4,0,10,5,1,1,18.0,21.0,38.0,22.0,676,3628,4304
294,295,2011-10-22,4,0,10,6,0,1,17.0,21.0,42.0,9.0,1499,2809,4308
295,296,2011-10-23,4,0,10,0,0,1,17.0,21.0,50.0,10.0,1619,2762,4381
296,297,2011-10-24,4,0,10,1,1,1,19.0,23.0,52.0,12.0,699,3488,4187
297,298,2011-10-25,4,0,10,2,1,1,19.0,23.0,42.0,17.0,695,3992,4687
298,299,2011-10-26,4,0,10,3,1,2,20.0,24.0,48.0,15.0,404,3490,3894
299,300,2011-10-27,4,0,10,4,1,2,19.0,23.0,54.0,20.0,240,2419,2659
300,301,2011-10-28,4,0,10,5,1,2,14.0,16.0,39.0,23.0,456,3291,3747
301,302,2011-10-29,4,0,10,6,0,3,10.0,11.0,59.0,35.0,57,570,627
302,303,2011-10-30,4,0,10,0,0,1,13.0,16.0,42.0,18.0,885,2446,3331
303,304,2011-10-31,4,0,10,1,1,1,14.0,18.0,47.0,11.0,362,3307,3669
304,305,2011-11-01,4,0,11,2,1,1,16.0,20.0,46.0,14.0,410,3658,4068
305,306,2011-11-02,4,0,11,3,1,1,15.0,20.0,48.0,8.0,370,3816,4186
306,307,2011-11-03,4,0,11,4,1,1,17.0,20.0,47.0,14.0,318,3656,3974
307,308,2011-11-04,4,0,11,5,1,2,17.0,20.0,42.0,27.0,470,3576,4046
308,309,2011-11-05,4,0,11,6,0,1,13.0,16.0,35.0,19.0,1156,2770,3926
309,310,2011-11-06,4,0,11,0,0,1,14.0,18.0,49.0,9.0,952,2697,3649
310,311,2011-11-07,4,0,11,1,1,1,16.0,20.0,51.0,6.0,373,3662,4035
311,312,2011-11-08,4,0,11,2,1,1,17.0,21.0,48.0,7.0,376,3829,4205
312,313,2011-11-09,4,0,11,3,1,1,16.0,20.0,51.0,6.0,305,3804,4109
313,314,2011-11-10,4,0,11,4,1,2,16.0,19.0,54.0,19.0,190,2743,2933
314,315,2011-11-11,4,0,11,5,0,1,13.0,15.0,30.0,31.0,440,2928,3368
315,316,2011-11-12,4,0,11,6,0,1,15.0,18.0,37.0,21.0,1275,2792,4067
316,317,2011-11-13,4,0,11,0,0,1,18.0,22.0,31.0,28.0,1004,2713,3717
317,318,2011-11-14,4,0,11,1,1,1,22.0,26.0,39.0,31.0,595,3891,4486
318,319,2011-11-15,4,0,11,2,1,2,22.0,25.0,46.0,20.0,449,3746,4195
319,320,2011-11-16,4,0,11,3,1,3,19.0,23.0,62.0,14.0,145,1672,1817
320,321,2011-11-17,4,0,11,4,1,2,14.0,16.0,39.0,31.0,139,2914,3053
321,322,2011-11-18,4,0,11,5,1,1,11.0,14.0,27.0,17.0,245,3147,3392
322,323,2011-11-19,4,0,11,6,0,1,13.0,16.0,34.0,22.0,943,2720,3663
323,324,2011-11-20,4,0,11,0,0,2,19.0,23.0,46.0,19.0,787,2733,3520
324,325,2011-11-21,4,0,11,1,1,3,18.0,22.0,61.0,14.0,220,2545,2765
325,326,2011-11-22,4,0,11,2,1,3,17.0,21.0,64.0,12.0,69,1538,1607
326,327,2011-11-23,4,0,11,3,1,2,18.0,22.0,51.0,34.0,112,2454,2566
327,328,2011-11-24,4,0,11,4,0,1,15.0,19.0,37.0,17.0,560,935,1495
328,329,2011-11-25,4,0,11,5,1,1,15.0,19.0,43.0,10.0,1095,1697,2792
329,330,2011-11-26,4,0,11,6,0,1,15.0,19.0,46.0,7.0,1249,1819,3068
330,331,2011-11-27,4,0,11,0,0,1,19.0,23.0,47.0,21.0,810,2261,3071
331,332,2011-11-28,4,0,11,1,1,1,21.0,25.0,50.0,14.0,253,3614,3867
332,333,2011-11-29,4,0,11,2,1,2,19.0,23.0,56.0,26.0,96,2818,2914
333,334,2011-11-30,4,0,11,3,1,1,13.0,16.0,41.0,27.0,188,3425,3613
334,335,2011-12-01,4,0,12,4,1,1,13.0,15.0,35.0,22.0,182,3545,3727
335,336,2011-12-02,4,0,12,5,1,1,13.0,17.0,42.0,10.0,268,3672,3940
336,337,2011-12-03,4,0,12,6,0,1,12.0,16.0,41.0,10.0,706,2908,3614
337,338,2011-12-04,4,0,12,0,0,1,14.0,17.0,52.0,8.0,634,2851,3485
338,339,2011-12-05,4,0,12,1,1,2,16.0,20.0,55.0,6.0,233,3578,3811
339,340,2011-12-06,4,0,12,2,1,3,19.0,23.0,64.0,23.0,126,2468,2594
340,341,2011-12-07,4,0,12,3,1,3,17.0,20.0,65.0,27.0,50,655,705
341,342,2011-12-08,4,0,12,4,1,1,11.0,13.0,39.0,24.0,150,3172,3322
342,343,2011-12-09,4,0,12,5,1,1,12.0,16.0,47.0,8.0,261,3359,3620
343,344,2011-12-10,4,0,12,6,0,1,11.0,13.0,34.0,23.0,502,2688,3190
344,345,2011-12-11,4,0,12,0,0,1,9.0,13.0,33.0,7.0,377,2366,2743
345,346,2011-12-12,4,0,12,1,1,1,10.0,14.0,45.0,6.0,143,3167,3310
346,347,2011-12-13,4,0,12,2,1,1,12.0,15.0,40.0,14.0,155,3368,3523
347,348,2011-12-14,4,0,12,3,1,2,13.0,17.0,44.0,6.0,178,3562,3740
348,349,2011-12-15,4,0,12,4,1,2,17.0,21.0,42.0,27.0,181,3528,3709
349,350,2011-12-16,4,0,12,5,1,2,15.0,18.0,34.0,26.0,178,3399,3577
350,351,2011-12-17,4,0,12,6,0,2,11.0,12.0,38.0,24.0,275,2464,2739
351,352,2011-12-18,4,0,12,0,0,1,10.0,12.0,39.0,17.0,220,2211,2431
352,353,2011-12-19,4,0,12,1,1,1,11.0,14.0,43.0,17.0,260,3143,3403
353,354,2011-12-20,4,0,12,2,1,2,16.0,20.0,40.0,6.0,216,3534,3750
354,355,2011-12-21,1,0,12,3,1,2,18.0,21.0,58.0,22.0,107,2553,2660
355,356,2011-12-22,1,0,12,4,1,2,17.0,21.0,51.0,5.0,227,2841,3068
356,357,2011-12-23,1,0,12,5,1,1,15.0,19.0,46.0,27.0,163,2046,2209
357,358,2011-12-24,1,0,12,6,0,1,12.0,15.0,36.0,19.0,155,856,1011
358,359,2011-12-25,1,0,12,0,0,1,11.0,14.0,46.0,16.0,303,451,754
359,360,2011-12-26,1,0,12,1,0,1,13.0,16.0,34.0,24.0,430,887,1317
360,361,2011-12-27,1,0,12,2,1,2,13.0,16.0,51.0,19.0,103,1059,1162
361,362,2011-12-28,1,0,12,3,1,1,12.0,14.0,34.0,29.0,255,2047,2302
362,363,2011-12-29,1,0,12,4,1,1,10.0,13.0,38.0,12.0,254,2169,2423
363,364,2011-12-30,1,0,12,5,1,1,13.0,16.0,43.0,13.0,491,2508,2999
364,365,2011-12-31,1,0,12,6,0,1,17.0,21.0,41.0,22.0,665,1820,2485
365,366,2012-01-01,1,1,1,0,0,1,15.0,19.0,46.0,19.0,686,1608,2294
366,367,2012-01-02,1,1,1,1,0,1,11.0,13.0,26.0,33.0,244,1707,1951
367,368,2012-01-03,1,1,1,2,1,1,6.0,6.0,30.0,37.0,89,2147,2236
368,369,2012-01-04,1,1,1,3,1,2,4.0,6.0,28.0,18.0,95,2273,2368
369,370,2012-01-05,1,1,1,4,1,1,11.0,14.0,35.0,13.0,140,3132,3272
370,371,2012-01-06,1,1,1,5,1,1,14.0,17.0,36.0,17.0,307,3791,4098
371,372,2012-01-07,1,1,1,6,0,1,16.0,20.0,36.0,17.0,1070,3451,4521
372,373,2012-01-08,1,1,1,0,0,1,14.0,17.0,31.0,19.0,599,2826,3425
373,374,2012-01-09,1,1,1,1,1,2,9.0,12.0,47.0,10.0,106,2270,2376
374,375,2012-01-10,1,1,1,2,1,1,13.0,16.0,43.0,19.0,173,3425,3598
375,376,2012-01-11,1,1,1,3,1,2,11.0,14.0,57.0,13.0,92,2085,2177
376,377,2012-01-12,1,1,1,4,1,2,16.0,19.0,54.0,18.0,269,3828,4097
377,378,2012-01-13,1,1,1,5,1,1,11.0,12.0,34.0,38.0,174,3040,3214
378,379,2012-01-14,1,1,1,6,0,1,7.0,9.0,31.0,19.0,333,2160,2493
379,380,2012-01-15,1,1,1,0,0,1,7.0,8.0,28.0,25.0,284,2027,2311
380,381,2012-01-16,1,1,1,1,0,1,8.0,10.0,35.0,23.0,217,2081,2298
381,382,2012-01-17,1,1,1,2,1,2,15.0,18.0,48.0,35.0,127,2808,2935
382,383,2012-01-18,1,1,1,3,1,1,12.0,14.0,30.0,42.0,109,3267,3376
383,384,2012-01-19,1,1,1,4,1,1,8.0,10.0,33.0,22.0,130,3162,3292
384,385,2012-01-20,1,1,1,5,1,2,9.0,11.0,30.0,20.0,115,3048,3163
385,386,2012-01-21,1,1,1,6,0,2,7.0,9.0,56.0,22.0,67,1234,1301
386,387,2012-01-22,1,1,1,0,0,2,7.0,8.0,53.0,20.0,196,1781,1977
387,388,2012-01-23,1,1,1,1,1,2,9.0,12.0,61.0,11.0,145,2287,2432
388,389,2012-01-24,1,1,1,2,1,1,14.0,17.0,56.0,12.0,439,3900,4339
389,390,2012-01-25,1,1,1,3,1,1,12.0,15.0,43.0,16.0,467,3803,4270
390,391,2012-01-26,1,1,1,4,1,2,14.0,18.0,52.0,7.0,244,3831,4075
391,392,2012-01-27,1,1,1,5,1,2,17.0,21.0,50.0,34.0,269,3187,3456
392,393,2012-01-28,1,1,1,6,0,1,13.0,16.0,36.0,21.0,775,3248,4023
393,394,2012-01-29,1,1,1,0,0,1,12.0,14.0,21.0,24.0,558,2685,3243
394,395,2012-01-30,1,1,1,1,1,1,11.0,13.0,27.0,22.0,126,3498,3624
395,396,2012-01-31,1,1,1,2,1,1,16.0,19.0,28.0,26.0,324,4185,4509
396,397,2012-02-01,1,1,2,3,1,1,19.0,23.0,34.0,19.0,304,4275,4579
397,398,2012-02-02,1,1,2,4,1,2,16.0,20.0,45.0,19.0,190,3571,3761
398,399,2012-02-03,1,1,2,5,1,1,13.0,15.0,35.0,18.0,310,3841,4151
399,400,2012-02-04,1,1,2,6,0,2,11.0,14.0,52.0,12.0,384,2448,2832
400,401,2012-02-05,1,1,2,0,0,2,11.0,13.0,46.0,18.0,318,2629,2947
401,402,2012-02-06,1,1,2,1,1,1,12.0,15.0,42.0,15.0,206,3578,3784
402,403,2012-02-07,1,1,2,2,1,1,15.0,18.0,33.0,15.0,199,4176,4375
403,404,2012-02-08,1,1,2,3,1,2,11.0,13.0,48.0,13.0,109,2693,2802
404,405,2012-02-09,1,1,2,4,1,1,11.0,13.0,38.0,19.0,163,3667,3830
405,406,2012-02-10,1,1,2,5,1,2,12.0,15.0,36.0,12.0,227,3604,3831
406,407,2012-02-11,1,1,2,6,0,3,9.0,11.0,49.0,29.0,192,1977,2169
407,408,2012-02-12,1,1,2,0,0,1,5.0,5.0,31.0,41.0,73,1456,1529
408,409,2012-02-13,1,1,2,1,1,1,9.0,11.0,28.0,17.0,94,3328,3422
409,410,2012-02-14,1,1,2,2,1,2,13.0,17.0,34.0,14.0,135,3787,3922
410,411,2012-02-15,1,1,2,3,1,1,14.0,18.0,36.0,18.0,141,4028,4169
411,412,2012-02-16,1,1,2,4,1,2,13.0,17.0,50.0,9.0,74,2931,3005
412,413,2012-02-17,1,1,2,5,1,1,14.0,18.0,43.0,21.0,349,3805,4154
413,414,2012-02-18,1,1,2,6,0,1,14.0,18.0,36.0,19.0,1435,2883,4318
414,415,2012-02-19,1,1,2,0,0,2,11.0,13.0,35.0,25.0,618,2071,2689
415,416,2012-02-20,1,1,2,1,0,1,11.0,14.0,34.0,23.0,502,2627,3129
416,417,2012-02-21,1,1,2,2,1,1,12.0,15.0,40.0,21.0,163,3614,3777
417,418,2012-02-22,1,1,2,3,1,1,16.0,20.0,38.0,23.0,394,4379,4773
418,419,2012-02-23,1,1,2,4,1,1,19.0,22.0,37.0,19.0,516,4546,5062
419,420,2012-02-24,1,1,2,5,1,2,17.0,21.0,49.0,24.0,246,3241,3487
420,421,2012-02-25,1,1,2,6,0,1,12.0,13.0,27.0,42.0,317,2415,2732
421,422,2012-02-26,1,1,2,0,0,1,11.0,13.0,27.0,21.0,515,2874,3389
422,423,2012-02-27,1,1,2,1,1,1,15.0,18.0,33.0,27.0,253,4069,4322
423,424,2012-02-28,1,1,2,2,1,1,15.0,18.0,27.0,19.0,229,4134,4363
424,425,2012-02-29,1,1,2,3,1,2,14.0,17.0,54.0,18.0,65,1769,1834
425,426,2012-03-01,1,1,3,4,1,1,20.0,24.0,41.0,23.0,325,4665,4990
426,427,2012-03-02,1,1,3,5,1,2,14.0,18.0,44.0,14.0,246,2948,3194
427,428,2012-03-03,1,1,3,6,0,2,17.0,21.0,42.0,16.0,956,3110,4066
428,429,2012-03-04,1,1,3,0,0,1,13.0,15.0,27.0,33.0,710,2713,3423
429,430,2012-03-05,1,1,3,1,1,1,10.0,12.0,34.0,23.0,203,3130,3333
430,431,2012-03-06,1,1,3,2,1,1,11.0,13.0,31.0,20.0,221,3735,3956
431,432,2012-03-07,1,1,3,3,1,1,17.0,19.0,34.0,35.0,432,4484,4916
432,433,2012-03-08,1,1,3,4,1,1,22.0,26.0,38.0,44.0,486,4896,5382
433,434,2012-03-09,1,1,3,5,1,2,17.0,20.0,27.0,41.0,447,4122,4569
434,435,2012-03-10,1,1,3,6,0,1,12.0,14.0,23.0,23.0,968,3150,4118
435,436,2012-03-11,1,1,3,0,0,1,15.0,18.0,32.0,22.0,1658,3253,4911
436,437,2012-03-12,1,1,3,1,1,1,19.0,23.0,33.0,21.0,838,4460,5298
437,438,2012-03-13,1,1,3,2,1,1,23.0,27.0,41.0,24.0,762,5085,5847
438,439,2012-03-14,1,1,3,3,1,1,23.0,27.0,34.0,12.0,997,5315,6312
439,440,2012-03-15,1,1,3,4,1,1,23.0,27.0,39.0,15.0,1005,5187,6192
440,441,2012-03-16,1,1,3,5,1,2,18.0,22.0,56.0,11.0,548,3830,4378
441,442,2012-03-17,1,1,3,6,0,2,21.0,25.0,51.0,11.0,3155,4681,7836
442,443,2012-03-18,1,1,3,0,0,2,19.0,23.0,54.0,13.0,2207,3685,5892
443,444,2012-03-19,1,1,3,1,1,1,22.0,27.0,49.0,16.0,982,5171,6153
444,445,2012-03-20,1,1,3,2,1,1,23.0,27.0,54.0,12.0,1051,5042,6093
445,446,2012-03-21,2,1,3,3,1,2,22.0,26.0,55.0,9.0,1122,5108,6230
446,447,2012-03-22,2,1,3,4,1,1,23.0,27.0,56.0,12.0,1334,5537,6871
447,448,2012-03-23,2,1,3,5,1,2,25.0,29.0,47.0,12.0,2469,5893,8362
448,449,2012-03-24,2,1,3,6,0,2,21.0,24.0,59.0,19.0,1033,2339,3372
449,450,2012-03-25,2,1,3,0,0,2,18.0,22.0,59.0,22.0,1532,3464,4996
450,451,2012-03-26,2,1,3,1,1,1,18.0,22.0,32.0,39.0,795,4763,5558
451,452,2012-03-27,2,1,3,2,1,1,13.0,16.0,19.0,19.0,531,4571,5102
452,453,2012-03-28,2,1,3,3,1,1,20.0,24.0,32.0,29.0,674,5024,5698
453,454,2012-03-29,2,1,3,4,1,1,20.0,24.0,29.0,32.0,834,5299,6133
454,455,2012-03-30,2,1,3,5,1,2,15.0,19.0,39.0,14.0,796,4663,5459
455,456,2012-03-31,2,1,3,6,0,2,17.0,21.0,49.0,25.0,2301,3934,6235
456,457,2012-04-01,2,1,4,0,0,2,17.0,21.0,45.0,17.0,2347,3694,6041
457,458,2012-04-02,2,1,4,1,1,1,18.0,21.0,34.0,31.0,1208,4728,5936
458,459,2012-04-03,2,1,4,2,1,1,19.0,23.0,27.0,10.0,1348,5424,6772
459,460,2012-04-04,2,1,4,3,1,1,22.0,27.0,31.0,18.0,1058,5378,6436
460,461,2012-04-05,2,1,4,4,1,1,18.0,22.0,25.0,22.0,1192,5265,6457
461,462,2012-04-06,2,1,4,5,1,1,17.0,20.0,25.0,30.0,1807,4653,6460
462,463,2012-04-07,2,1,4,6,0,1,18.0,21.0,17.0,27.0,3252,3605,6857
463,464,2012-04-08,2,1,4,0,0,1,20.0,25.0,18.0,23.0,2230,2939,5169
464,465,2012-04-09,2,1,4,1,1,1,20.0,24.0,21.0,36.0,905,4680,5585
465,466,2012-04-10,2,1,4,2,1,1,18.0,22.0,29.0,25.0,819,5099,5918
466,467,2012-04-11,2,1,4,3,1,1,14.0,17.0,31.0,30.0,482,4380,4862
467,468,2012-04-12,2,1,4,4,1,1,16.0,19.0,31.0,29.0,663,4746,5409
468,469,2012-04-13,2,1,4,5,1,1,18.0,22.0,27.0,16.0,1252,5146,6398
469,470,2012-04-14,2,1,4,6,0,1,20.0,24.0,34.0,19.0,2795,4665,7460
470,471,2012-04-15,2,1,4,0,0,1,25.0,29.0,34.0,23.0,2846,4286,7132
471,472,2012-04-16,2,1,4,1,0,1,27.0,31.0,38.0,28.0,1198,5172,6370
472,473,2012-04-17,2,1,4,2,1,1,25.0,30.0,26.0,27.0,989,5702,6691
473,474,2012-04-18,2,1,4,3,1,2,19.0,23.0,38.0,17.0,347,4020,4367
474,475,2012-04-19,2,1,4,4,1,1,20.0,25.0,41.0,7.0,846,5719,6565
475,476,2012-04-20,2,1,4,5,1,1,22.0,26.0,47.0,15.0,1340,5950,7290
476,477,2012-04-21,2,1,4,6,0,1,23.0,27.0,46.0,28.0,2541,4083,6624
477,478,2012-04-22,2,1,4,0,0,3,16.0,19.0,56.0,34.0,120,907,1027
478,479,2012-04-23,2,1,4,1,1,2,13.0,15.0,51.0,30.0,195,3019,3214
479,480,2012-04-24,2,1,4,2,1,1,17.0,20.0,30.0,25.0,518,5115,5633
480,481,2012-04-25,2,1,4,3,1,1,20.0,24.0,29.0,12.0,655,5541,6196
481,482,2012-04-26,2,1,4,4,1,2,20.0,24.0,51.0,18.0,475,4551,5026
482,483,2012-04-27,2,1,4,5,1,1,19.0,23.0,27.0,35.0,1014,5219,6233
483,484,2012-04-28,2,1,4,6,0,2,15.0,19.0,33.0,13.0,1120,3100,4220
484,485,2012-04-29,2,1,4,0,0,1,19.0,23.0,39.0,12.0,2229,4075,6304
485,486,2012-04-30,2,1,4,1,1,2,19.0,23.0,38.0,17.0,665,4907,5572
486,487,2012-05-01,2,1,5,2,1,2,25.0,29.0,44.0,16.0,653,5087,5740
487,488,2012-05-02,2,1,5,3,1,1,23.0,27.0,53.0,14.0,667,5502,6169
488,489,2012-05-03,2,1,5,4,1,2,23.0,27.0,51.0,13.0,764,5657,6421
489,490,2012-05-04,2,1,5,5,1,1,26.0,30.0,49.0,16.0,1069,5227,6296
490,491,2012-05-05,2,1,5,6,0,2,25.0,29.0,51.0,15.0,2496,4387,6883
491,492,2012-05-06,2,1,5,0,0,2,23.0,27.0,50.0,15.0,2135,4224,6359
492,493,2012-05-07,2,1,5,1,1,2,22.0,26.0,44.0,23.0,1008,5265,6273
493,494,2012-05-08,2,1,5,2,1,2,24.0,28.0,46.0,30.0,738,4990,5728
494,495,2012-05-09,2,1,5,3,1,2,24.0,28.0,50.0,22.0,620,4097,4717
495,496,2012-05-10,2,1,5,4,1,1,21.0,25.0,37.0,31.0,1026,5546,6572
496,497,2012-05-11,2,1,5,5,1,1,22.0,26.0,24.0,24.0,1319,5711,7030
497,498,2012-05-12,2,1,5,6,0,1,23.0,27.0,32.0,12.0,2622,4807,7429
498,499,2012-05-13,2,1,5,0,0,1,25.0,29.0,39.0,23.0,2172,3946,6118
499,500,2012-05-14,2,1,5,1,1,2,24.0,27.0,53.0,21.0,342,2501,2843
500,501,2012-05-15,2,1,5,2,1,2,25.0,29.0,53.0,15.0,625,4490,5115
501,502,2012-05-16,2,1,5,3,1,1,26.0,30.0,47.0,12.0,991,6433,7424
502,503,2012-05-17,2,1,5,4,1,1,24.0,29.0,35.0,23.0,1242,6142,7384
503,504,2012-05-18,2,1,5,5,1,1,23.0,28.0,35.0,14.0,1521,6118,7639
504,505,2012-05-19,2,1,5,6,0,1,25.0,28.0,31.0,8.0,3410,4884,8294
505,506,2012-05-20,2,1,5,0,0,1,25.0,29.0,36.0,25.0,2704,4425,7129
506,507,2012-05-21,2,1,5,1,1,2,25.0,28.0,54.0,23.0,630,3729,4359
507,508,2012-05-22,2,1,5,2,1,2,25.0,29.0,51.0,12.0,819,5254,6073
508,509,2012-05-23,2,1,5,3,1,2,25.0,29.0,52.0,10.0,766,4494,5260
509,510,2012-05-24,2,1,5,4,1,1,27.0,30.0,48.0,17.0,1059,5711,6770
510,511,2012-05-25,2,1,5,5,1,1,28.0,31.0,50.0,14.0,1417,5317,6734
511,512,2012-05-26,2,1,5,6,0,1,28.0,32.0,49.0,20.0,2855,3681,6536
512,513,2012-05-27,2,1,5,0,0,1,28.0,32.0,47.0,22.0,3283,3308,6591
513,514,2012-05-28,2,1,5,1,0,1,29.0,34.0,45.0,20.0,2557,3486,6043
514,515,2012-05-29,2,1,5,2,1,1,30.0,34.0,46.0,30.0,880,4863,5743
515,516,2012-05-30,2,1,5,3,1,2,27.0,31.0,45.0,13.0,745,6110,6855
516,517,2012-05-31,2,1,5,4,1,1,28.0,32.0,33.0,20.0,1100,6238,7338
517,518,2012-06-01,2,1,6,5,1,2,27.0,30.0,51.0,24.0,533,3594,4127
518,519,2012-06-02,2,1,6,6,0,1,24.0,28.0,37.0,19.0,2795,5325,8120
519,520,2012-06-03,2,1,6,0,0,1,25.0,29.0,33.0,18.0,2494,5147,7641
520,521,2012-06-04,2,1,6,1,1,1,24.0,29.0,33.0,28.0,1071,5927,6998
521,522,2012-06-05,2,1,6,2,1,2,22.0,26.0,41.0,21.0,968,6033,7001
522,523,2012-06-06,2,1,6,3,1,1,23.0,27.0,41.0,8.0,1027,6028,7055
523,524,2012-06-07,2,1,6,4,1,1,25.0,28.0,38.0,16.0,1038,6456,7494
524,525,2012-06-08,2,1,6,5,1,1,27.0,30.0,31.0,18.0,1488,6248,7736
525,526,2012-06-09,2,1,6,6,0,1,29.0,32.0,29.0,14.0,2708,4790,7498
526,527,2012-06-10,2,1,6,0,0,1,30.0,33.0,36.0,13.0,2224,4374,6598
527,528,2012-06-11,2,1,6,1,1,2,30.0,33.0,39.0,21.0,1017,5647,6664
528,529,2012-06-12,2,1,6,2,1,2,27.0,30.0,56.0,21.0,477,4495,4972
529,530,2012-06-13,2,1,6,3,1,1,27.0,31.0,39.0,34.0,1173,6248,7421
530,531,2012-06-14,2,1,6,4,1,1,27.0,31.0,38.0,25.0,1180,6183,7363
531,532,2012-06-15,2,1,6,5,1,1,26.0,30.0,40.0,18.0,1563,6102,7665
532,533,2012-06-16,2,1,6,6,0,1,26.0,30.0,34.0,17.0,2963,4739,7702
533,534,2012-06-17,2,1,6,0,0,1,24.0,29.0,40.0,14.0,2634,4344,6978
534,535,2012-06-18,2,1,6,1,1,2,23.0,27.0,52.0,17.0,653,4446,5099
535,536,2012-06-19,2,1,6,2,1,1,28.0,33.0,46.0,15.0,968,5857,6825
536,537,2012-06-20,2,1,6,3,1,1,32.0,36.0,40.0,11.0,872,5339,6211
537,538,2012-06-21,3,1,6,4,1,1,33.0,38.0,38.0,12.0,778,5127,5905
538,539,2012-06-22,3,1,6,5,1,1,32.0,36.0,38.0,18.0,964,4859,5823
539,540,2012-06-23,3,1,6,6,0,1,30.0,33.0,36.0,18.0,2657,4801,7458
540,541,2012-06-24,3,1,6,0,0,1,30.0,34.0,32.0,15.0,2551,4340,6891
541,542,2012-06-25,3,1,6,1,1,1,29.0,33.0,34.0,30.0,1139,5640,6779
542,543,2012-06-26,3,1,6,2,1,1,26.0,30.0,25.0,35.0,1077,6365,7442
543,544,2012-06-27,3,1,6,3,1,1,29.0,32.0,24.0,27.0,1077,6258,7335
544,545,2012-06-28,3,1,6,4,1,1,31.0,34.0,28.0,17.0,921,5958,6879
545,546,2012-06-29,3,1,6,5,1,1,34.0,39.0,33.0,17.0,829,4634,5463
546,547,2012-06-30,3,1,6,6,0,1,31.0,34.0,40.0,16.0,1455,4232,5687
547,548,2012-07-01,3,1,7,0,0,1,33.0,38.0,35.0,17.0,1421,4110,5531
548,549,2012-07-02,3,1,7,1,1,1,32.0,35.0,30.0,20.0,904,5323,6227
549,550,2012-07-03,3,1,7,2,1,1,32.0,35.0,33.0,13.0,1052,5608,6660
550,551,2012-07-04,3,1,7,3,0,1,32.0,37.0,36.0,13.0,2562,4841,7403
551,552,2012-07-05,3,1,7,4,1,1,34.0,38.0,31.0,19.0,1405,4836,6241
552,553,2012-07-06,3,1,7,5,1,1,34.0,38.0,30.0,15.0,1366,4841,6207
553,554,2012-07-07,3,1,7,6,0,1,35.0,40.0,33.0,16.0,1448,3392,4840
554,555,2012-07-08,3,1,7,0,0,1,34.0,40.0,38.0,13.0,1203,3469,4672
555,556,2012-07-09,3,1,7,1,1,2,29.0,33.0,46.0,18.0,998,5571,6569
556,557,2012-07-10,3,1,7,2,1,2,30.0,33.0,45.0,15.0,954,5336,6290
557,558,2012-07-11,3,1,7,3,1,1,29.0,33.0,42.0,15.0,975,6289,7264
558,559,2012-07-12,3,1,7,4,1,1,29.0,33.0,35.0,15.0,1032,6414,7446
559,560,2012-07-13,3,1,7,5,1,2,30.0,33.0,33.0,8.0,1511,5988,7499
560,561,2012-07-14,3,1,7,6,0,2,29.0,33.0,47.0,14.0,2355,4614,6969
561,562,2012-07-15,3,1,7,0,0,1,31.0,35.0,48.0,17.0,1920,4111,6031
562,563,2012-07-16,3,1,7,1,1,1,31.0,36.0,43.0,16.0,1088,5742,6830
563,564,2012-07-17,3,1,7,2,1,1,34.0,38.0,34.0,11.0,921,5865,6786
564,565,2012-07-18,3,1,7,3,1,1,33.0,37.0,39.0,14.0,799,4914,5713
565,566,2012-07-19,3,1,7,4,1,1,32.0,36.0,40.0,17.0,888,5703,6591
566,567,2012-07-20,3,1,7,5,1,2,27.0,31.0,57.0,21.0,747,5123,5870
567,568,2012-07-21,3,1,7,6,0,3,24.0,27.0,58.0,21.0,1264,3195,4459
568,569,2012-07-22,3,1,7,0,0,2,27.0,31.0,51.0,9.0,2544,4866,7410
569,570,2012-07-23,3,1,7,1,1,1,30.0,35.0,47.0,14.0,1135,5831,6966
570,571,2012-07-24,3,1,7,2,1,1,31.0,35.0,44.0,21.0,1140,6452,7592
571,572,2012-07-25,3,1,7,3,1,1,30.0,33.0,30.0,16.0,1383,6790,8173
572,573,2012-07-26,3,1,7,4,1,1,32.0,37.0,40.0,28.0,1036,5825,6861
573,574,2012-07-27,3,1,7,5,1,1,32.0,37.0,40.0,15.0,1259,5645,6904
574,575,2012-07-28,3,1,7,6,0,1,31.0,35.0,41.0,16.0,2234,4451,6685
575,576,2012-07-29,3,1,7,0,0,1,30.0,33.0,42.0,17.0,2153,4444,6597
576,577,2012-07-30,3,1,7,1,1,1,30.0,34.0,45.0,15.0,1040,6065,7105
577,578,2012-07-31,3,1,7,2,1,1,29.0,33.0,47.0,17.0,968,6248,7216
578,579,2012-08-01,3,1,8,3,1,1,29.0,33.0,45.0,14.0,1074,6506,7580
579,580,2012-08-02,3,1,8,4,1,1,31.0,35.0,44.0,13.0,983,6278,7261
580,581,2012-08-03,3,1,8,5,1,2,31.0,36.0,43.0,22.0,1328,5847,7175
581,582,2012-08-04,3,1,8,6,0,1,33.0,38.0,41.0,26.0,2345,4479,6824
582,583,2012-08-05,3,1,8,0,0,1,32.0,37.0,44.0,29.0,1707,3757,5464
583,584,2012-08-06,3,1,8,1,1,2,31.0,36.0,44.0,13.0,1233,5780,7013
584,585,2012-08-07,3,1,8,2,1,2,30.0,35.0,47.0,12.0,1278,5995,7273
585,586,2012-08-08,3,1,8,3,1,2,31.0,35.0,45.0,11.0,1263,6271,7534
586,587,2012-08-09,3,1,8,4,1,1,31.0,35.0,42.0,16.0,1196,6090,7286
587,588,2012-08-10,3,1,8,5,1,2,29.0,33.0,48.0,24.0,1065,4721,5786
588,589,2012-08-11,3,1,8,6,0,2,28.0,32.0,49.0,21.0,2247,4052,6299
589,590,2012-08-12,3,1,8,0,0,1,29.0,32.0,36.0,12.0,2182,4362,6544
590,591,2012-08-13,3,1,8,1,1,1,30.0,33.0,37.0,14.0,1207,5676,6883
591,592,2012-08-14,3,1,8,2,1,1,30.0,34.0,46.0,17.0,1128,5656,6784
592,593,2012-08-15,3,1,8,3,1,1,29.0,33.0,42.0,17.0,1198,6149,7347
593,594,2012-08-16,3,1,8,4,1,1,29.0,33.0,35.0,14.0,1338,6267,7605
594,595,2012-08-17,3,1,8,5,1,1,30.0,12.0,38.0,23.0,1483,5665,7148
595,596,2012-08-18,3,1,8,6,0,1,28.0,31.0,40.0,18.0,2827,5038,7865
596,597,2012-08-19,3,1,8,0,0,2,26.0,30.0,48.0,9.0,1208,3341,4549
597,598,2012-08-20,3,1,8,1,1,2,26.0,30.0,49.0,13.0,1026,5504,6530
598,599,2012-08-21,3,1,8,2,1,1,27.0,30.0,45.0,7.0,1081,5925,7006
599,600,2012-08-22,3,1,8,3,1,1,27.0,31.0,45.0,7.0,1094,6281,7375
600,601,2012-08-23,3,1,8,4,1,1,29.0,32.0,43.0,8.0,1363,6402,7765
601,602,2012-08-24,3,1,8,5,1,2,29.0,32.0,41.0,7.0,1325,6257,7582
602,603,2012-08-25,3,1,8,6,0,2,27.0,31.0,48.0,24.0,1829,4224,6053
603,604,2012-08-26,3,1,8,0,0,2,27.0,30.0,57.0,23.0,1483,3772,5255
604,605,2012-08-27,3,1,8,1,1,1,29.0,33.0,49.0,13.0,989,5928,6917
605,606,2012-08-28,3,1,8,2,1,1,30.0,33.0,42.0,19.0,935,6105,7040
606,607,2012-08-29,3,1,8,3,1,1,28.0,32.0,37.0,11.0,1177,6520,7697
607,608,2012-08-30,3,1,8,4,1,1,29.0,33.0,40.0,8.0,1172,6541,7713
608,609,2012-08-31,3,1,8,5,1,1,31.0,34.0,39.0,17.0,1433,5917,7350
609,610,2012-09-01,3,1,9,6,0,2,31.0,35.0,43.0,11.0,2352,3788,6140
610,611,2012-09-02,3,1,9,0,0,2,29.0,32.0,55.0,6.0,2613,3197,5810
611,612,2012-09-03,3,1,9,1,0,1,29.0,33.0,53.0,15.0,1965,4069,6034
612,613,2012-09-04,3,1,9,2,1,1,30.0,34.0,51.0,24.0,867,5997,6864
613,614,2012-09-05,3,1,9,3,1,1,30.0,35.0,50.0,19.0,832,6280,7112
614,615,2012-09-06,3,1,9,4,1,2,29.0,33.0,54.0,14.0,611,5592,6203
615,616,2012-09-07,3,1,9,5,1,1,29.0,33.0,49.0,17.0,1045,6459,7504
616,617,2012-09-08,3,1,9,6,0,2,27.0,31.0,54.0,28.0,1557,4419,5976
617,618,2012-09-09,3,1,9,0,0,1,25.0,29.0,37.0,22.0,2570,5657,8227
618,619,2012-09-10,3,1,9,1,1,1,24.0,28.0,34.0,26.0,1118,6407,7525
619,620,2012-09-11,3,1,9,2,1,1,24.0,28.0,35.0,9.0,1070,6697,7767
620,621,2012-09-12,3,1,9,3,1,1,25.0,29.0,39.0,13.0,1050,6820,7870
621,622,2012-09-13,3,1,9,4,1,1,25.0,29.0,43.0,8.0,1054,6750,7804
622,623,2012-09-14,3,1,9,5,1,1,26.0,30.0,45.0,10.0,1379,6630,8009
623,624,2012-09-15,3,1,9,6,0,1,25.0,29.0,34.0,25.0,3160,5554,8714
624,625,2012-09-16,3,1,9,0,0,1,24.0,28.0,38.0,9.0,2166,5167,7333
625,626,2012-09-17,3,1,9,1,1,2,24.0,28.0,49.0,15.0,1022,5847,6869
626,627,2012-09-18,3,1,9,2,1,2,26.0,28.0,58.0,36.0,371,3702,4073
627,628,2012-09-19,3,1,9,3,1,1,23.0,27.0,36.0,22.0,788,6803,7591
628,629,2012-09-20,3,1,9,4,1,1,22.0,27.0,41.0,12.0,939,6781,7720
629,630,2012-09-21,3,1,9,5,1,1,25.0,29.0,45.0,15.0,1250,6917,8167
630,631,2012-09-22,3,1,9,6,0,1,27.0,31.0,43.0,28.0,2512,5883,8395
631,632,2012-09-23,4,1,9,0,0,1,22.0,26.0,31.0,22.0,2454,5453,7907
632,633,2012-09-24,4,1,9,1,1,1,21.0,25.0,33.0,14.0,1001,6435,7436
633,634,2012-09-25,4,1,9,2,1,1,23.0,27.0,38.0,24.0,845,6693,7538
634,635,2012-09-26,4,1,9,3,1,1,26.0,30.0,42.0,24.0,787,6946,7733
635,636,2012-09-27,4,1,9,4,1,2,27.0,30.0,46.0,13.0,751,6642,7393
636,637,2012-09-28,4,1,9,5,1,2,25.0,29.0,46.0,16.0,1045,6370,7415
637,638,2012-09-29,4,1,9,6,0,1,22.0,27.0,36.0,23.0,2589,5966,8555
638,639,2012-09-30,4,1,9,0,0,1,22.0,26.0,39.0,13.0,2015,4874,6889
639,640,2012-10-01,4,1,10,1,1,2,21.0,26.0,43.0,9.0,763,6015,6778
640,641,2012-10-02,4,1,10,2,1,3,24.0,27.0,58.0,10.0,315,4324,4639
641,642,2012-10-03,4,1,10,3,1,2,27.0,30.0,53.0,7.0,728,6844,7572
642,643,2012-10-04,4,1,10,4,1,2,27.0,30.0,48.0,12.0,891,6437,7328
643,644,2012-10-05,4,1,10,5,1,1,25.0,29.0,42.0,11.0,1516,6640,8156
644,645,2012-10-06,4,1,10,6,0,1,23.0,27.0,44.0,27.0,3031,4934,7965
645,646,2012-10-07,4,1,10,0,0,2,17.0,21.0,47.0,14.0,781,2729,3510
646,647,2012-10-08,4,1,10,1,0,2,16.0,19.0,48.0,19.0,874,4604,5478
647,648,2012-10-09,4,1,10,2,1,2,18.0,22.0,51.0,19.0,601,5791,6392
648,649,2012-10-10,4,1,10,3,1,1,21.0,25.0,42.0,19.0,780,6911,7691
649,650,2012-10-11,4,1,10,4,1,1,18.0,22.0,31.0,18.0,834,6736,7570
650,651,2012-10-12,4,1,10,5,1,1,18.0,22.0,36.0,24.0,1060,6222,7282
651,652,2012-10-13,4,1,10,6,0,1,16.0,20.0,33.0,15.0,2252,4857,7109
652,653,2012-10-14,4,1,10,0,0,1,21.0,25.0,43.0,28.0,2080,4559,6639
653,654,2012-10-15,4,1,10,1,1,2,23.0,27.0,47.0,30.0,760,5115,5875
654,655,2012-10-16,4,1,10,2,1,1,19.0,23.0,37.0,18.0,922,6612,7534
655,656,2012-10-17,4,1,10,3,1,1,19.0,23.0,46.0,10.0,979,6482,7461
656,657,2012-10-18,4,1,10,4,1,2,21.0,26.0,49.0,24.0,1008,6501,7509
657,658,2012-10-19,4,1,10,5,1,2,23.0,27.0,55.0,13.0,753,4671,5424
658,659,2012-10-20,4,1,10,6,0,1,20.0,24.0,38.0,12.0,2806,5284,8090
659,660,2012-10-21,4,1,10,0,0,1,19.0,23.0,34.0,17.0,2132,4692,6824
660,661,2012-10-22,4,1,10,1,1,1,20.0,24.0,38.0,8.0,830,6228,7058
661,662,2012-10-23,4,1,10,2,1,1,22.0,27.0,43.0,9.0,841,6625,7466
662,663,2012-10-24,4,1,10,3,1,1,24.0,28.0,43.0,7.0,795,6898,7693
663,664,2012-10-25,4,1,10,4,1,2,23.0,26.0,54.0,12.0,875,6484,7359
664,665,2012-10-26,4,1,10,5,1,2,22.0,26.0,54.0,13.0,1182,6262,7444
665,666,2012-10-27,4,1,10,6,0,2,22.0,26.0,48.0,24.0,2643,5209,7852
666,667,2012-10-28,4,1,10,0,0,2,20.0,23.0,47.0,40.0,998,3461,4459
667,668,2012-10-29,4,1,10,1,1,3,18.0,22.0,59.0,36.0,2,20,22
668,669,2012-10-30,4,1,10,2,1,2,13.0,15.0,55.0,21.0,87,1009,1096
669,670,2012-10-31,4,1,10,3,1,2,15.0,18.0,45.0,17.0,419,5147,5566
670,671,2012-11-01,4,1,11,4,1,2,15.0,18.0,39.0,16.0,466,5520,5986
671,672,2012-11-02,4,1,11,5,1,1,15.0,18.0,35.0,27.0,618,5229,5847
672,673,2012-11-03,4,1,11,6,0,2,14.0,16.0,33.0,27.0,1029,4109,5138
673,674,2012-11-04,4,1,11,0,0,1,13.0,16.0,36.0,18.0,1201,3906,5107
674,675,2012-11-05,4,1,11,1,1,1,13.0,15.0,33.0,24.0,378,4881,5259
675,676,2012-11-06,4,1,11,2,1,1,12.0,14.0,38.0,17.0,466,5220,5686
676,677,2012-11-07,4,1,11,3,1,2,12.0,14.0,37.0,30.0,326,4709,5035
677,678,2012-11-08,4,1,11,4,1,1,14.0,17.0,22.0,35.0,340,4975,5315
678,679,2012-11-09,4,1,11,5,1,1,15.0,18.0,36.0,21.0,709,5283,5992
679,680,2012-11-10,4,1,11,6,0,1,16.0,20.0,43.0,6.0,2090,4446,6536
680,681,2012-11-11,4,1,11,0,0,1,17.0,21.0,44.0,13.0,2290,4562,6852
681,682,2012-11-12,4,1,11,1,0,1,20.0,24.0,50.0,17.0,1097,5172,6269
682,683,2012-11-13,4,1,11,2,1,2,14.0,16.0,44.0,34.0,327,3767,4094
683,684,2012-11-14,4,1,11,3,1,1,12.0,14.0,37.0,20.0,373,5122,5495
684,685,2012-11-15,4,1,11,4,1,2,13.0,16.0,42.0,15.0,320,5125,5445
685,686,2012-11-16,4,1,11,5,1,1,14.0,17.0,35.0,17.0,484,5214,5698
686,687,2012-11-17,4,1,11,6,0,1,13.0,16.0,37.0,18.0,1313,4316,5629
687,688,2012-11-18,4,1,11,0,0,1,14.0,17.0,46.0,23.0,922,3747,4669
688,689,2012-11-19,4,1,11,1,1,2,16.0,19.0,42.0,24.0,449,5050,5499
689,690,2012-11-20,4,1,11,2,1,2,15.0,19.0,46.0,8.0,534,5100,5634
690,691,2012-11-21,4,1,11,3,1,1,14.0,18.0,41.0,10.0,615,4531,5146
691,692,2012-11-22,4,1,11,4,0,1,14.0,18.0,39.0,5.0,955,1470,2425
692,693,2012-11-23,4,1,11,5,1,1,15.0,19.0,38.0,15.0,1603,2307,3910
693,694,2012-11-24,4,1,11,6,0,1,11.0,12.0,27.0,38.0,532,1745,2277
694,695,2012-11-25,4,1,11,0,0,1,10.0,13.0,31.0,15.0,309,2115,2424
695,696,2012-11-26,4,1,11,1,1,1,13.0,17.0,36.0,5.0,337,4750,5087
696,697,2012-11-27,4,1,11,2,1,2,12.0,14.0,53.0,24.0,123,3836,3959
697,698,2012-11-28,4,1,11,3,1,1,12.0,14.0,34.0,21.0,198,5062,5260
698,699,2012-11-29,4,1,11,4,1,1,12.0,15.0,37.0,12.0,243,5080,5323
699,700,2012-11-30,4,1,11,5,1,1,12.0,16.0,44.0,6.0,362,5306,5668
700,701,2012-12-01,4,1,12,6,0,2,12.0,16.0,54.0,6.0,951,4240,5191
701,702,2012-12-02,4,1,12,0,0,2,14.0,18.0,55.0,12.0,892,3757,4649
702,703,2012-12-03,4,1,12,1,1,1,19.0,23.0,51.0,8.0,555,5679,6234
703,704,2012-12-04,4,1,12,2,1,1,20.0,23.0,49.0,17.0,551,6055,6606
704,705,2012-12-05,4,1,12,3,1,1,18.0,21.0,32.0,32.0,331,5398,5729
705,706,2012-12-06,4,1,12,4,1,1,10.0,13.0,34.0,17.0,340,5035,5375
706,707,2012-12-07,4,1,12,5,1,2,13.0,16.0,51.0,13.0,349,4659,5008
707,708,2012-12-08,4,1,12,6,0,2,16.0,19.0,61.0,10.0,1153,4429,5582
708,709,2012-12-09,4,1,12,0,0,2,16.0,20.0,61.0,16.0,441,2787,3228
709,710,2012-12-10,4,1,12,1,1,2,18.0,22.0,62.0,19.0,329,4841,5170
710,711,2012-12-11,4,1,12,2,1,2,14.0,17.0,40.0,30.0,282,5219,5501
711,712,2012-12-12,4,1,12,3,1,2,12.0,15.0,36.0,16.0,310,5009,5319
712,713,2012-12-13,4,1,12,4,1,1,12.0,15.0,33.0,17.0,425,5107,5532
713,714,2012-12-14,4,1,12,5,1,1,12.0,15.0,43.0,13.0,429,5182,5611
714,715,2012-12-15,4,1,12,6,0,1,13.0,17.0,44.0,11.0,767,4280,5047
715,716,2012-12-16,4,1,12,0,0,2,15.0,18.0,56.0,10.0,538,3248,3786
716,717,2012-12-17,4,1,12,1,1,2,16.0,20.0,61.0,10.0,212,4373,4585
717,718,2012-12-18,4,1,12,2,1,1,17.0,20.0,45.0,22.0,433,5124,5557
718,719,2012-12-19,4,1,12,3,1,1,14.0,17.0,42.0,18.0,333,4934,5267
719,720,2012-12-20,4,1,12,4,1,2,14.0,17.0,45.0,13.0,314,3814,4128
720,721,2012-12-21,1,1,12,5,1,2,13.0,15.0,37.0,37.0,221,3402,3623
721,722,2012-12-22,1,1,12,6,0,1,11.0,12.0,30.0,41.0,205,1544,1749
722,723,2012-12-23,1,1,12,0,0,1,10.0,13.0,35.0,13.0,408,1379,1787
723,724,2012-12-24,1,1,12,1,1,2,9.0,13.0,53.0,8.0,174,746,920
724,725,2012-12-25,1,1,12,2,0,2,12.0,15.0,49.0,17.0,440,573,1013
725,726,2012-12-26,1,1,12,3,1,3,10.0,11.0,55.0,32.0,9,432,441
726,727,2012-12-27,1,1,12,4,1,2,10.0,11.0,44.0,35.0,247,1867,2114
727,728,2012-12-28,1,1,12,5,1,2,10.0,13.0,40.0,16.0,644,2451,3095
728,729,2012-12-29,1,1,12,6,0,2,10.0,12.0,50.0,12.0,159,1182,1341
729,730,2012-12-30,1,1,12,0,0,1,10.0,12.0,32.0,35.0,364,1432,1796
730,731,2012-12-31,1,1,12,1,1,2,9.0,11.0,39.0,15.0,439,2290,2729
